{"cameraMode":{"drawMode":0,"name":"Shaded","section":"Shading Mode"},"sceneLighting":false,"audioPlay":false,"sceneViewState":{"showFog":true,"showMaterialUpdate":true,"showSkybox":false,"showFlares":true,"showImageEffects":true,"showParticleSystems":true},"in2DMode":false,"pivot":{"x":111.24794006347656,"y":-97.69801330566406,"z":-123.57954406738281},"rotation":{"x":0.08658387511968613,"y":0.913264811038971,"z":-0.2900298535823822,"w":0.27264150977134707},"size":319.27117919921877,"orthographic":false}