{"cameraMode":{"drawMode":0,"name":"Shaded","section":"Shading Mode"},"sceneLighting":false,"audioPlay":false,"sceneViewState":{"showFog":true,"showMaterialUpdate":true,"showSkybox":false,"showFlares":true,"showImageEffects":true,"showParticleSystems":true},"in2DMode":false,"pivot":{"x":-0.13668334484100343,"y":3.5524449348449709,"z":-1.132261037826538},"rotation":{"x":0.001760713174007833,"y":0.9982348084449768,"z":-0.04345063120126724,"w":0.040450628846883777},"size":18.538454055786134,"orthographic":false}