{"cameraMode":{"drawMode":0,"name":"Shaded","section":"Shading Mode"},"sceneLighting":false,"audioPlay":false,"sceneViewState":{"showFog":true,"showMaterialUpdate":true,"showSkybox":false,"showFlares":true,"showImageEffects":true,"showParticleSystems":true},"in2DMode":false,"pivot":{"x":0.00020599365234375,"y":25.040611267089845,"z":-3.178447723388672},"rotation":{"x":0.18385428190231324,"y":-0.8134242296218872,"z":0.3516077697277069,"w":0.42533597350120547},"size":158.30728149414063,"orthographic":false}