{"cameraMode":{"drawMode":0,"name":"Shaded","section":"Shading Mode"},"sceneLighting":false,"audioPlay":false,"sceneViewState":{"showFog":true,"showMaterialUpdate":true,"showSkybox":false,"showFlares":true,"showImageEffects":true,"showParticleSystems":true},"in2DMode":false,"pivot":{"x":-340.0148010253906,"y":1591.5,"z":-874.7000122070313},"rotation":{"x":0.3074169456958771,"y":0.07554487138986588,"z":-0.02449127845466137,"w":0.9482553005218506},"size":35.06751251220703,"orthographic":false}