{"cameraMode":{"drawMode":0,"name":"Shaded","section":"Shading Mode"},"sceneLighting":false,"audioPlay":false,"sceneViewState":{"showFog":true,"showMaterialUpdate":true,"showSkybox":false,"showFlares":true,"showImageEffects":true,"showParticleSystems":true},"in2DMode":false,"pivot":{"x":9.033157348632813,"y":-1.4877243041992188,"z":-35.496883392333987},"rotation":{"x":0.2850285768508911,"y":-0.6666029095649719,"z":0.3085477650165558,"w":0.6157902479171753},"size":167.3678436279297,"orthographic":false}