{"cameraMode":{"drawMode":0,"name":"Shaded","section":"Shading Mode"},"sceneLighting":false,"audioPlay":false,"sceneViewState":{"showFog":true,"showMaterialUpdate":true,"showSkybox":false,"showFlares":true,"showImageEffects":true,"showParticleSystems":true},"in2DMode":false,"pivot":{"x":13.9365873336792,"y":4.947284698486328,"z":-9.27791976928711},"rotation":{"x":0.0006451877998188138,"y":0.9965428709983826,"z":-0.08271372318267822,"w":0.007773896213620901},"size":18.912437438964845,"orthographic":false}