{"cameraMode":{"drawMode":0,"name":"Shaded","section":"Shading Mode"},"sceneLighting":false,"audioPlay":false,"sceneViewState":{"showFog":true,"showMaterialUpdate":true,"showSkybox":false,"showFlares":true,"showImageEffects":true,"showParticleSystems":true},"in2DMode":false,"pivot":{"x":243.20623779296876,"y":685.2460327148438,"z":628.2762451171875},"rotation":{"x":0.2063039392232895,"y":0.14034926891326905,"z":-0.02991476282477379,"w":0.9679080247879028},"size":3473.83447265625,"orthographic":false}