{"cameraMode":{"drawMode":0,"name":"Shaded","section":"Shading Mode"},"sceneLighting":false,"audioPlay":false,"sceneViewState":{"showFog":true,"showMaterialUpdate":true,"showSkybox":false,"showFlares":true,"showImageEffects":true,"showParticleSystems":true},"in2DMode":false,"pivot":{"x":-12.360004425048829,"y":642.3458862304688,"z":195.47386169433595},"rotation":{"x":0.33537179231643679,"y":0.0028254506178200247,"z":-0.0010060770437121392,"w":0.942081093788147},"size":81.67718505859375,"orthographic":false}