{"cameraMode":{"drawMode":0,"name":"Shaded","section":"Shading Mode"},"sceneLighting":false,"audioPlay":false,"sceneViewState":{"showFog":true,"showMaterialUpdate":true,"showSkybox":false,"showFlares":true,"showImageEffects":true,"showParticleSystems":true},"in2DMode":false,"pivot":{"x":86.22911071777344,"y":-67.7425308227539,"z":-15.744155883789063},"rotation":{"x":-0.12613622844219209,"y":-0.8731716275215149,"z":0.3137951195240021,"w":-0.35098955035209658},"size":209.52499389648438,"orthographic":false}