{"cameraMode":{"drawMode":0,"name":"Shaded","section":"Shading Mode"},"sceneLighting":true,"audioPlay":false,"sceneViewState":{"showFog":true,"showMaterialUpdate":true,"showSkybox":true,"showFlares":true,"showImageEffects":true,"showParticleSystems":true},"in2DMode":false,"pivot":{"x":741.8857421875,"y":256.19635009765627,"z":440.95294189453127},"rotation":{"x":0.09730779379606247,"y":0.02835978753864765,"z":-0.0027742343954741956,"w":0.9948463439941406},"size":1214.7144775390625,"orthographic":false}