{"cameraMode":{"drawMode":0,"name":"Shaded","section":"Shading Mode"},"sceneLighting":false,"audioPlay":false,"sceneViewState":{"showFog":true,"showMaterialUpdate":true,"showSkybox":false,"showFlares":true,"showImageEffects":true,"showParticleSystems":true},"in2DMode":false,"pivot":{"x":-86.99371337890625,"y":-216.422607421875,"z":336.9222412109375},"rotation":{"x":-0.20676825940608979,"y":-0.7461424469947815,"z":0.2694079875946045,"w":-0.5726584792137146},"size":1235.4097900390625,"orthographic":false}