{"cameraMode":{"drawMode":0,"name":"Shaded","section":"Shading Mode"},"sceneLighting":false,"audioPlay":false,"sceneViewState":{"showFog":true,"showMaterialUpdate":true,"showSkybox":false,"showFlares":true,"showImageEffects":true,"showParticleSystems":true},"in2DMode":false,"pivot":{"x":-155.28062438964845,"y":960.18505859375,"z":809.0145874023438},"rotation":{"x":0.2063039392232895,"y":0.14034926891326905,"z":-0.02991476282477379,"w":0.9679080247879028},"size":413.57623291015627,"orthographic":false}