{"cameraMode":{"drawMode":0,"name":"Shaded","section":"Shading Mode"},"sceneLighting":false,"audioPlay":false,"sceneViewState":{"showFog":true,"showMaterialUpdate":true,"showSkybox":false,"showFlares":true,"showImageEffects":true,"showParticleSystems":true},"in2DMode":false,"pivot":{"x":706.744384765625,"y":280.7236633300781,"z":9.9423828125},"rotation":{"x":0.12711964547634126,"y":0.023802107200026513,"z":-0.0030515873804688455,"w":0.9915971159934998},"size":340.8129577636719,"orthographic":false}