{"cameraMode":{"drawMode":0,"name":"Shaded","section":"Shading Mode"},"sceneLighting":false,"audioPlay":false,"sceneViewState":{"showFog":true,"showMaterialUpdate":true,"showSkybox":false,"showFlares":true,"showImageEffects":true,"showParticleSystems":true},"in2DMode":false,"pivot":{"x":420.3156433105469,"y":425.56329345703127,"z":0.0},"rotation":{"x":0.40886470675468447,"y":0.032841864973306659,"z":-0.01472550816833973,"w":0.9118849635124207},"size":116.34215545654297,"orthographic":false}