{"cameraMode":{"drawMode":0,"name":"Shaded","section":"Shading Mode"},"sceneLighting":false,"audioPlay":false,"sceneViewState":{"showFog":true,"showMaterialUpdate":true,"showSkybox":false,"showFlares":true,"showImageEffects":true,"showParticleSystems":true},"in2DMode":false,"pivot":{"x":9.676259994506836,"y":16.55117416381836,"z":29.128894805908204},"rotation":{"x":-0.00048787082778289914,"y":0.9976758360862732,"z":-0.06775710731744766,"w":-0.0071830167435109619},"size":15.08763313293457,"orthographic":false}