{"cameraMode":{"drawMode":0,"name":"Shaded","section":"Shading Mode"},"sceneLighting":false,"audioPlay":false,"sceneViewState":{"showFog":true,"showMaterialUpdate":true,"showSkybox":false,"showFlares":true,"showImageEffects":true,"showParticleSystems":true},"in2DMode":false,"pivot":{"x":0.0,"y":667.9000244140625,"z":319.8999938964844},"rotation":{"x":0.2063039392232895,"y":0.14034926891326905,"z":-0.02991476282477379,"w":0.9679080247879028},"size":142.89419555664063,"orthographic":false}