{"cameraMode":{"drawMode":0,"name":"Shaded","section":"Shading Mode"},"sceneLighting":false,"audioPlay":false,"sceneViewState":{"showFog":true,"showMaterialUpdate":true,"showSkybox":false,"showFlares":true,"showImageEffects":true,"showParticleSystems":true},"in2DMode":false,"pivot":{"x":0.1978602409362793,"y":0.6373258829116821,"z":-0.15058481693267823},"rotation":{"x":0.000202439448912628,"y":0.9996073842048645,"z":-0.007497343234717846,"w":0.02699691243469715},"size":14.35622501373291,"orthographic":false}