{"cameraMode":{"drawMode":0,"name":"Shaded","section":"Shading Mode"},"sceneLighting":false,"audioPlay":false,"sceneViewState":{"showFog":true,"showMaterialUpdate":true,"showSkybox":false,"showFlares":true,"showImageEffects":true,"showParticleSystems":true},"in2DMode":false,"pivot":{"x":110.57294464111328,"y":34.26862335205078,"z":-117.23171997070313},"rotation":{"x":0.009931717067956925,"y":0.9743366837501526,"z":-0.043875981122255328,"w":0.2205546647310257},"size":419.367919921875,"orthographic":false}