{"cameraMode":{"drawMode":0,"name":"Shaded","section":"Shading Mode"},"sceneLighting":false,"audioPlay":false,"sceneViewState":{"showFog":true,"showMaterialUpdate":true,"showSkybox":false,"showFlares":true,"showImageEffects":true,"showParticleSystems":true},"in2DMode":false,"pivot":{"x":-1.0592517852783204,"y":2.0807418823242189,"z":1.1761789321899415},"rotation":{"x":0.008177909068763256,"y":-0.9584160447120667,"z":0.28391870856285097,"w":0.027605319395661355},"size":188.0555419921875,"orthographic":false}